id	status	decision	task	done_when	checkpoint	artifact	next	notes
0	done	keep	Record baseline/current state	Curate the lecture media catalog by visually reviewing image assets, reading their source document context, removing duplicate or useless entries, and replacing heuristic descriptions with context-grounded Korean one-line descriptions.	ea00dc8	baseline inspected: 8175 raw image rows, 6694 with assets, 2432 generic heuristic descriptions, 2 remote download errors	goal_log.py add --task ... to queue the first implementation row	Initialized goal plan at 2026-06-28T05:38:16+00:00
1	done	keep	Build first-pass curated catalog generator and validator	tools/curate_media_catalog.py and tools/validate_curated_media_catalog.py create/check lecture-media/curated artifacts with all raw rows classified	ea00dc8	draft ok: raw=8175 keep=3339 duplicate=1636 drop=3200 reviewed=489	Generate first-pass decisions from hashes/assets/source context	
2	done	keep	Visually inspect representative contact sheets and seed semantic review	semantic-review.tsv contains visually inspected examples for keep/duplicate/drop with source-context rationale	ea00dc8	semantic-review.tsv reviewed rows=14 decisions={'drop':1,'keep':12,'duplicate':1}; contact sheet candidate-001 visually inspected	Open generated contact sheets and update reviewed decisions	
3	done	keep	Batch-review remaining kept canonical images by source cluster	At least one additional source cluster contact sheet is visually reviewed, manual-review.tsv grows with context-grounded Korean descriptions, and --draft-check still passes	4c51f5d	draft ok: raw=8175 keep=3340 duplicate=1636 drop=3199 reviewed=41; semantic-review decisions={'drop':3,'keep':37,'duplicate':1}; final blocker unreviewed_keep=3303	Use the next generated candidate contact sheet and source markdown/PDF context to review another batch	Current final proof blocker after this batch: 3303 kept canonical images remain unreviewed.
4	done	keep	Continue visual/context review on next candidate sheet	Another contact sheet batch is visually reviewed, manual-review.tsv adds context-grounded Korean decisions/descriptions, and --draft-check passes with fewer unreviewed keeps	bc1cb83	draft ok: raw=8175 keep=3340 duplicate=1636 drop=3199 reviewed=69; semantic-review decisions={'drop':3,'keep':65,'duplicate':1}; final blocker unreviewed_keep=3275	Open regenerated lecture-media/curated/review-sheets/candidate-001.jpg and map the first unreviewed keep rows to source context	
5	done	keep	Review next Toy Models/source-cluster batch	Next candidate sheet batch, starting from Toy Models of Superposition, is visually reviewed with source-context Korean descriptions and --draft-check passes with fewer unreviewed keeps	b4602a7	draft ok: raw=8175 keep=3340 duplicate=1636 drop=3199 reviewed=108; final blocker unreviewed_keep=3236	Open regenerated candidate-001.jpg and review the first unreviewed Toy Models rows	
6	done	keep	Review next Interpretability Dreams and update source-cluster batch	Next candidate sheet batch after Toy Models is visually reviewed with source-context Korean descriptions and --draft-check passes with fewer unreviewed keeps	7a2123d	draft ok: raw=8175 keep=3339 duplicate=1636 drop=3200 reviewed=130; final blocker unreviewed_keep=3214	Open regenerated candidate-001.jpg and review Interpretability Dreams, July Update, and adjacent source rows	Current final proof blocker after Toy Models batch: 3236 kept canonical images remain unreviewed.
7	done	keep	Review next Towards Monosemanticity candidate batch	A substantial Monosemanticity contact sheet batch is visually reviewed with source-context Korean descriptions and --draft-check passes with fewer unreviewed keeps	86fe3c3	draft ok: raw=8175 keep=3339 duplicate=1636 drop=3200 reviewed=190; final blocker unreviewed_keep=3154	Open regenerated candidate-001.jpg and map the first Monosemanticity rows to source context	Current final proof blocker after Interpretability/updates batch: 3214 kept canonical images remain unreviewed.
8	done	keep	Continue remaining Monosemanticity visual/context review	Another Monosemanticity contact sheet batch is visually reviewed with Korean source-context descriptions and --draft-check passes with fewer unreviewed keeps	ebdacc9	draft ok: raw=8175 keep=3339 duplicate=1636 drop=3200 reviewed=249; final blocker unreviewed_keep=3095	Open regenerated candidate-001.jpg and continue from the next Monosemanticity rows after img-060	Current final proof blocker after first Monosemanticity batch: 3154 kept canonical images remain unreviewed.
9	done	keep	Review next August 2024 and subsequent candidate media batch	The next candidate sheet batch starting at August 2024 is visually reviewed with Korean source-context descriptions and --draft-check passes with fewer unreviewed keeps	16e823f	draft ok: raw=8175 keep=3339 duplicate=1636 drop=3200 reviewed=309; final blocker unreviewed_keep=3035	Open regenerated candidate-001.jpg and continue from Circuits Updates - August 2024	Current final proof blocker after row 8: 3095 kept canonical images remain unreviewed.
10	done	keep	Review next June 2024 and subsequent candidate media batch	The next candidate sheet batch after June 2024 is visually reviewed with Korean source-context descriptions and --draft-check passes with fewer unreviewed keeps	f261fb8	draft ok: raw=8175 keep=3339 duplicate=1636 drop=3200 reviewed=369; final blocker unreviewed_keep=2975	Open regenerated candidate-001.jpg and continue from Circuits Updates - June 2024 remaining rows	Current final proof blocker after row 9: 3035 kept canonical images remain unreviewed.
11	done	keep	Review next Scaling Monosemanticity and September 2024 media batch	The next candidate sheet after scaling-monosemanticity img-043 is visually reviewed with Korean source-context descriptions and draft-check passes with fewer unreviewed keeps.	d412a39	draft ok: raw=8175 keep=3339 duplicate=1636 drop=3200 reviewed=429; final blocker unreviewed_keep=2915	Open regenerated lecture-media/curated/review-sheets/candidate-001.jpg and continue from scaling-monosemanticity img-044 into September 2024.	Current final proof blocker after row 10: 2975 kept canonical images remain unreviewed.
12	done	keep	Review next Interference Weights and subsequent media batch	The next candidate sheet after interference-weights img-007 is visually reviewed with Korean source-context descriptions and draft-check passes with fewer unreviewed keeps.	b56cb5d	draft ok: raw=8175 keep=3339 duplicate=1636 drop=3200 reviewed=489; final blocker unreviewed_keep=2855	Open regenerated lecture-media/curated/review-sheets/candidate-001.jpg and continue from interference-weights img-008.	Current final proof blocker after row 11: 2915 kept canonical images remain unreviewed.
13	done	keep	Review next linebreaks and subsequent media batch	The next candidate sheet after linebreaks img-038 is visually reviewed with Korean source-context descriptions and draft-check passes with fewer unreviewed keeps.	94d31e3	draft ok: raw=8175 keep=3336 duplicate=1565 drop=3274 reviewed=549; final blocker: unreviewed_keep=2795 generic_keep=2795 review_decisions=['drop', 'duplicate', 'keep']	Open regenerated lecture-media/curated/review-sheets/candidate-001.jpg and continue from linebreaks img-039.	Current final proof blocker after row 12: 2855 kept canonical images remain unreviewed.
14	done	keep	Review next Claude Sonnet 4.5 System Card PDF media batch	The next candidate sheet batch starting at Sonnet 4.5 System Card PDF image 17 is visually inspected, context checked, regenerated, and draft-check passes.	96cc76b	draft ok: raw=8175 keep=3324 duplicate=1534 drop=3317 reviewed=609; final blocker: unreviewed_keep=2735 generic_keep=2735 review_decisions=['drop', 'duplicate', 'keep']	Open regenerated lecture-media/curated/review-sheets/candidate-001.jpg, read System Card page context, and continue manual-review.tsv from the first unreviewed PDF image.	Current final proof blocker after row 13: unreviewed_keep=2795 generic_keep=2795.
15	done	keep	Review next Sonnet 4.5 System Card and subsequent PDF media batch	The next candidate sheet batch starting at Sonnet 4.5 System Card PDF image 79 is visually inspected, context checked, regenerated, and draft-check passes.	c9efbfb	draft ok: raw=8175 keep=3300 duplicate=1431 drop=3444 reviewed=669; final blocker unreviewed_keep=2675 generic_keep=2675	Open regenerated lecture-media/curated/review-sheets/candidate-001.jpg, read PDF page context, and continue manual-review.tsv from the first unreviewed image.	Current final proof blocker after row 14: unreviewed_keep=2735 generic_keep=2735.
16	done	keep	Review remaining Claude 3 Addendum tail and next Economic Tasks AI Paper media batch	The next candidate sheet batch starting with remaining Claude 3 Addendum fragments and Economic Tasks AI Paper images is visually reviewed, source context checked, and reflected in manual-review.tsv.	6184af7	draft ok: raw=8175 keep=3280 duplicate=1375 drop=3520 reviewed=729; final blocker unreviewed_keep=2615 generic_keep=2615	Open regenerated lecture-media/curated/review-sheets/candidate-001.jpg and inspect original PDF contexts for the first unreviewed keep candidates.	
17	done	keep	Review remaining Economic Tasks tail and next Sabotage Evaluations media batch	The next candidate sheet batch starting with Economic Tasks tail and Sabotage Evaluations figures is visually reviewed, source context checked, and reflected in manual-review.tsv.	3686c59	draft ok: raw=8175 keep=3258 duplicate=1311 drop=3606 reviewed=789; final blocker unreviewed_keep=2555 generic_keep=2555	Open regenerated lecture-media/curated/review-sheets/candidate-001.jpg and inspect Economic Tasks tail plus Sabotage Evaluations PDF context.	
18	done	keep	Review next SHADE-Arena appendix and remaining PDF media batch	The next candidate sheet batch starting at SHADE-Arena img-037 is visually inspected, source context checked, regenerated, and draft-check passes.	e1f3d22	draft ok: raw=8175 keep=3231 duplicate=1278 drop=3666 reviewed=849; final blocker unreviewed_keep=2495 generic_keep=2495	Open regenerated lecture-media/curated/review-sheets/candidate-001.jpg and inspect SHADE-Arena appendix PDF context for the first unreviewed images.	Current final proof blocker after row 17: unreviewed_keep=2555 generic_keep=2555.
19	done	keep	Continue Claude 3 Model Card PDF media review	The next candidate sheet batch starting at Claude 3 Model Card img-025 is visually inspected, source context checked, regenerated, and draft-check passes.	32f3b30	draft ok: raw=8175 keep=3203 duplicate=1217 drop=3755 reviewed=909; final blocker unreviewed_keep=2435 generic_keep=2435	Open regenerated lecture-media/curated/review-sheets/candidate-001.jpg and inspect Claude 3 Model Card PDF context from image 25 onward.	Current final proof blocker after row 18: unreviewed_keep=2495 generic_keep=2495.
20	done	keep	Continue Claude Opus 4.5 System Card PDF media review	The next candidate sheet batch starting at Claude Opus 4.5 System Card img-018 is visually inspected, source context checked, regenerated, and draft-check passes.	cbfa360	draft ok: raw=8175 keep=3192 duplicate=1189 drop=3794 reviewed=969; final blocker unreviewed_keep=2375 generic_keep=2375	Open regenerated lecture-media/curated/review-sheets/candidate-001.jpg and inspect Claude Opus 4.5 System Card PDF context from image 18 onward.	Current final proof blocker after row 19: unreviewed_keep=2435 generic_keep=2435.
21	done	keep	Review Opus 4.5 System Card tail and enterprise ebook media batch	The next candidate sheet batch starting at Claude Opus 4.5 System Card img-091 and continuing into Anthropic enterprise ebook images is visually inspected, source context checked, regenerated, and draft-check passes.	8fc0542	draft ok: raw=8175 keep=3164 duplicate=1182 drop=3829 reviewed=1029; final blocker unreviewed_keep=2315 generic_keep=2315	Open regenerated lecture-media/curated/review-sheets/candidate-001.jpg and inspect Opus 4.5 System Card tail plus Anthropic enterprise ebook PDF context.	Current final proof blocker after row 20: unreviewed_keep=2375 generic_keep=2375.
22	done	keep	Review reward hacking paper tail and Claude 3.7 Sonnet System Card media batch	The next candidate sheet batch starting at Natural emergent misalignment from reward hacking paper img-003 and continuing into Claude 3.7 Sonnet System Card images is visually inspected, source context checked, regenerated, and draft-check passes.	966349d	draft ok: raw=8175 keep=3143 duplicate=1089 drop=3943 reviewed=1089; final blocker unreviewed_keep=2255 generic_keep=2255	Open regenerated lecture-media/curated/review-sheets/candidate-001.jpg and inspect reward hacking paper tail plus Claude 3.7 Sonnet System Card PDF context.	Reviewed reward hacking paper tail, Claude 3.7 Sonnet System Card, Alignment Faking first figures, Haiku 4.5 System Card audit figures, and Confidential Inference logo fragments.
23	done	keep	Review Confidential Inference and AI-orchestrated cyber espionage PDF media batch	The next candidate sheet batch starting at Confidential Inference Paper image 100 and continuing into AI-orchestrated cyber espionage PDF images is visually inspected, source context checked, regenerated, and draft-check passes.	dcbff3b	draft ok: raw=8175 keep=3126 duplicate=1018 drop=4031 reviewed=1149; final blocker unreviewed_keep=2195 generic_keep=2195	Open regenerated lecture-media/curated/review-sheets/candidate-001.jpg and inspect Confidential Inference Paper plus AI-orchestrated cyber espionage PDF context.	Current final proof blocker after row 22: unreviewed_keep=2255 generic_keep=2255.
24	done	keep	Continue Claude Mythos Preview System Card media batch	The next candidate sheet batch starting at Claude Mythos Preview System Card image 101 is visually inspected, source context checked, regenerated, and draft-check passes.	a13c6ae	draft ok: raw=8175 keep=3116 duplicate=983 drop=4076 reviewed=1209; final blocker unreviewed_keep=2135 generic_keep=2135	Open regenerated lecture-media/curated/review-sheets/candidate-001.jpg and inspect Claude Mythos Preview System Card images from image 101 onward.	Reviewed Claude Mythos Preview System Card image 101 batch; dropped blank/header/legend fragments and kept context-grounded figures through SimpleQA/AA-Omniscience factuality.
25	done	keep	Continue Claude Mythos Preview System Card factuality and safety appendix media batch	The next candidate sheet batch starting at Claude Mythos Preview System Card image 47 is visually inspected, source context checked, regenerated, and draft-check passes.	bace029	draft ok: raw=8175 keep=3105 duplicate=958 drop=4112 reviewed=1269; final blocker unreviewed_keep=2075 generic_keep=2075	Open regenerated lecture-media/curated/review-sheets/candidate-001.jpg and inspect Claude Mythos Preview System Card images from image 47 onward.	Reviewed Claude Mythos Preview factuality, deception, evaluation-awareness, welfare, emotion, affect figures plus Economic Index blank/word-cloud starters; removed 11 blank/title-only artifacts.
26	done	keep	Review next Economic Index report media batch	The next candidate sheet batch starting at Economic Index report image 10 is visually inspected, source context checked, regenerated, and draft-check passes.	c896ccf	draft ok: raw=8175 keep=3098 duplicate=947 drop=4130 reviewed=1329; final blocker unreviewed_keep=2015 generic_keep=2015	Open regenerated lecture-media/curated/review-sheets/candidate-001.jpg and continue manual-review.tsv from pdf:www-cdn.anthropic.com/096d94c1a91c6480806d8f24b2344c7e2a4bc666.pdf:10.	Reviewed Economic Index word-cloud/blank artifacts and Claude Opus 4.6 System Card capability, honesty, audit, attribution, sabotage, and evaluation-awareness figures; removed 7 blank/gradient artifacts.
27	done	keep	Continue Claude Opus 4.6 System Card media batch	The next candidate sheet batch starting at Claude Opus 4.6 System Card image 59 is visually inspected, source context checked, regenerated, and draft-check passes.	16ff73f	draft ok: raw=8175 keep=3097 duplicate=946 drop=4132 reviewed=1389; final blocker unreviewed_keep=1955 generic_keep=1955	Open regenerated lecture-media/curated/review-sheets/candidate-001.jpg and continue manual-review.tsv from pdf:www-cdn.anthropic.com/0dd865075ad3132672ee0ab40b05a53f14cf5288.pdf:59.	Reviewed Claude Opus 4.6 tail, Responsible Scaling Policy diagrams, and first Claude Fable/Mythos 5 System Card figures; removed 1 blank artifact.
28	done	keep	Continue Claude Fable/Mythos 5 System Card media batch	The next candidate sheet batch starting at Claude Fable/Mythos 5 System Card image 112 is visually inspected, source context checked, regenerated, and draft-check passes.	2af74ca	draft ok: raw=8175 keep=3096 duplicate=946 drop=4133 reviewed=1449; final blocker unreviewed_keep=1895 generic_keep=1895	Open regenerated lecture-media/curated/review-sheets/candidate-001.jpg and continue manual-review.tsv from pdf:www-cdn.anthropic.com/2f9323abbcc4abe219577539efe19a623c9ca2bd/Claude%20Fable%205%20&%20Claude%20Mythos%205%20System%20Card.pdf:112.	Reviewed Claude Fable/Mythos 5 System Card welfare, constitution, capabilities, multi-agent, multimodal, healthcare, multilingual, and life sciences figures; removed 1 title-only artifact.
29	done	keep	Continue Claude Fable/Mythos 5 System Card remaining media batch	The next candidate sheet batch starting at Claude Fable/Mythos 5 System Card image 167 is visually inspected, source context checked, regenerated, and draft-check passes.	ce22a60	draft ok: raw=8175 keep=3091 duplicate=938 drop=4146 reviewed=1509; final blocker unreviewed_keep=1835 generic_keep=1835	Open regenerated lecture-media/curated/review-sheets/candidate-001.jpg and continue manual-review.tsv from pdf:www-cdn.anthropic.com/2f9323abbcc4abe219577539efe19a623c9ca2bd/Claude%20Fable%205%20&%20Claude%20Mythos%205%20System%20Card.pdf:167.	Reviewed Fable/Mythos 5 System Card biology, political bias, prompt injection, behavioral audit, honesty, hallucination, NLA, and grader-awareness figures; removed 5 blank/title-only artifacts.
30	done	keep	Continue Claude Fable/Mythos 5 System Card final safety media batch	The next candidate sheet batch starting at Claude Fable/Mythos 5 System Card image 79 is visually inspected, source context checked, regenerated, and draft-check passes.	45a4b64	draft ok: raw=8175 keep=3062 duplicate=934 drop=4179 reviewed=1569; final blocker unreviewed_keep=1775 generic_keep=1775	Open regenerated lecture-media/curated/review-sheets/candidate-001.jpg and continue manual-review.tsv from pdf:www-cdn.anthropic.com/2f9323abbcc4abe219577539efe19a623c9ca2bd/Claude%20Fable%205%20&%20Claude%20Mythos%205%20System%20Card.pdf:79.	Reviewed Fable/Mythos 5 final safety/evaluation-awareness figures, Claude on Vertex AI texture artifacts, Mythos Preview ECI/math/vision figures, Claude v2 model-card charts, and CCAI cover art; removed 29 blank/decorative artifacts.
31	done	keep	Review CCAI public comparison and next PDF media batch	The next candidate sheet batch starting at CCAI public comparison image 2 is visually inspected, source context checked, regenerated, and draft-check passes.	99d6029	draft ok: raw=8175 keep=3054 duplicate=935 drop=4186 reviewed=1629; final blocker unreviewed_keep=1715 generic_keep=1715	Open regenerated lecture-media/curated/review-sheets/candidate-001.jpg and continue manual-review.tsv from pdf:www-cdn.anthropic.com/65408ee2b9c99abe53e432f300e7f43ef69fb6e4/CCAI_public_comparison_2023.pdf:2.	Reviewed remaining CCAI cover art, AI Diffusion Framework charts, Constitutional AI Elo plot panels, and Claude Sonnet 4.6 capability/safety/CBRN/AI R&D figures; removed 7 decorative/blank/tiny artifacts and deduplicated 1 alternate Terminal-Bench rendering.
32	done	keep	Continue Claude Sonnet 4.6 System Card final media batch	The next candidate sheet batch starting at Claude Sonnet 4.6 System Card image 61 is visually inspected, source context checked, regenerated, and draft-check passes.	38993d6	draft ok: raw=8175 keep=3046 duplicate=869 drop=4260 reviewed=1689; final blocker unreviewed_keep=1655 generic_keep=1655	Open regenerated lecture-media/curated/review-sheets/candidate-001.jpg and continue manual-review.tsv from pdf:www-cdn.anthropic.com/78073f739564e986ff3e28522761a7a0b4484f84.pdf:61.	Reviewed Claude Sonnet 4.6 appendix AI R&D/cyber/audit plots, red teaming and CoT faithfulness paper figures, Mythos ECI, many-shot jailbreaking diagrams, threat intelligence screenshots, support/companionship appendix charts, Claude 3 long-context charts, and productivity-impact figures; removed 8 blank/tiny logo artifacts.
33	done	keep	Continue productivity gains and next PDF media batch	The next candidate sheet batch starting at productivity gains PDF image 9 is visually inspected, source context checked, regenerated, and draft-check passes.	9678fe7	draft ok: raw=8175 keep=2987 duplicate=798 drop=4390 reviewed=1749; final blocker unreviewed_keep=1595 generic_keep=1595	Open regenerated lecture-media/curated/review-sheets/candidate-001.jpg and continue manual-review.tsv from pdf:www-cdn.anthropic.com/e5645986a7ce8fbcc48fa6d2fc67753c87642c30.pdf:9.	Reviewed productivity gains appendix Figure 10, financial-industry guide connector logo wall fragments, privacy notice wordmarks, and event decorative SVGs; kept 1 macro productivity chart and removed 59 logo/decorative fragments.
34	done	keep	Continue event SVG and next media batch	The next candidate sheet batch starting at Middle East event header SVG is visually inspected, source context checked, regenerated, and draft-check passes.	46c59a0	draft ok: raw=8175 keep=2938 duplicate=793 drop=4444 reviewed=1809; final blocker unreviewed_keep=1535 generic_keep=1535	Open regenerated lecture-media/curated/review-sheets/candidate-001.jpg and continue manual-review.tsv from remote:https://cdn.prod.website-files.com/67ce28cfec624e2b733f8a52/682558e882ac8a8bb8f677fd_events-header_middle-east.svg.	Reviewed event regional SVGs, briefing icons/headshots, Claude agents/coding/life-sciences/skills/Chrome visuals; kept 11 product or workflow screenshots/guide visuals and removed 49 decorative/headshot/marketing fragments.
35	done	keep	Continue enterprise rollout and next remote media batch	The next candidate sheet batch starting at enterprise rollout mobile artifact is visually inspected, source context checked, regenerated, and draft-check passes.	7790301	draft ok: raw=8175 keep=2910 duplicate=792 drop=4473 reviewed=1869; final blocker unreviewed_keep=1475 generic_keep=1475	Open regenerated lecture-media/curated/review-sheets/candidate-001.jpg and continue manual-review.tsv from remote:https://cdn.prod.website-files.com/6889473510b50328dbb70ae6/696ab3c6f49d2f3d81e10a69_artifact_enterprise-rollout-mobile.webp.	Reviewed enterprise rollout, healthcare triage, Cowork, Claude Code enterprise, import/memory, security, life-sciences, legal, small-business, AWS, and enterprise workflow visuals; kept 32 product/workflow visuals and removed 28 headshot/decorative/video/logo/control thumbnails.
36	done	keep	Continue startup and next remote media batch	The next candidate sheet batch starting at Claude for Startups frame-6 is visually inspected, source context checked, regenerated, and draft-check passes.	e532154	draft ok: raw=8175 keep=2902 duplicate=792 drop=4481 reviewed=1929; final blocker unreviewed_keep=1415 generic_keep=1415	Open regenerated lecture-media/curated/review-sheets/candidate-001.jpg and continue manual-review.tsv from remote:https://cdn.prod.website-files.com/6889473510b50328dbb70ae6/6a1da3af4de65246388bc2d9_frame-6.webp.	Reviewed startup media, Claude Code enterprise, Tag Claude in Slack workflows, customer logos, and customer product screenshots; kept 52 workflow/product screens and removed 8 interview/decorative/logo/field-photo assets.
37	done	keep	Continue Brand.ai and customer product media batch	The next candidate sheet batch starting at Brand.ai customer product screen is visually inspected, source context checked, regenerated, and draft-check passes.	d3dd280	draft ok: raw=8175 keep=2901 duplicate=792 drop=4482 reviewed=1989; final blocker unreviewed_keep=1355 generic_keep=1355	Open regenerated lecture-media/curated/review-sheets/candidate-001.jpg and continue manual-review.tsv from remote:https://cdn.prod.website-files.com/68a44d4040f98a4adf2207b6/68baf05a5545910afe2f46a1_575b7e6fb3718f53228678846f4eed4b4e583858-1920x1143.png.	Reviewed Brand.ai, Sourcegraph, Steno, Headstart, Jumpcut, Lex, You.com, Bito, tl;dv, Local Falcon, Hume, Claude Code security/tutorial, Google Workspace research, Console, Enterprise, web search, mobile, directory, fine-tuning, and plugin visuals; kept 59 product/diagram/chart screens and removed 1 connector logo strip.
38	done	keep	Continue API and next product media batch	The next candidate sheet batch starting at token-saving API prompt caching image is visually inspected, source context checked, regenerated, and draft-check passes.	eb814d5	draft ok: raw=8175 keep=2862 duplicate=768 drop=4545 reviewed=2049; final blocker unreviewed_keep=1295 generic_keep=1295	Open regenerated lecture-media/curated/review-sheets/candidate-001.jpg and continue manual-review.tsv from remote:https://cdn.prod.website-files.com/68a44d4040f98a4adf2207b6/68e95d966762a4d6d9643288_e82adfbb319b8970e1e7aefa2a284f0c201463b4-1920x1054.png.	Reviewed API token caching, Claude 2.1 long-context prompting charts, interactive app visuals, Claude Code tutorial screenshots, performance explanation, MCP diagram, customer logos, file creation, Agent Skills, productivity-platform search, Microsoft 365 Copilot, and article SVG thumbnails; kept 21 charts/screens/diagrams and removed 39 logo/decorative thumbnail assets.
39	done	keep	Continue article SVG and next media batch	The next candidate sheet batch starting at Workload Identity Federation article SVG is visually inspected, source context checked, regenerated, and draft-check passes.	7ef2366	draft ok: raw=8175 keep=2828 duplicate=748 drop=4599 reviewed=2109; final blocker unreviewed_keep=1235 generic_keep=1235	Open regenerated lecture-media/curated/review-sheets/candidate-001.jpg and continue manual-review.tsv from remote:https://cdn.prod.website-files.com/68a44d4040f98a4adf2207b6/6903d229a7aa26ac1b6e96c2_a62b6eb169818f14c35b7a192af269e283f8fa93-1000x1000.svg.	Reviewed Workload Identity Federation and related article SVG thumbnails, Claude for Chrome/Bedrock OG cards, Developer Platform context editing, object icons, and Claude artifact examples; kept 26 artifact/diagram screenshots and removed 34 decorative SVG/OG/icon thumbnails.
40	done	keep	Continue Claude artifact example media batch	The next candidate sheet batch starting at debate practice artifact is visually inspected, source context checked, regenerated, and draft-check passes.	d957c04	draft ok: raw=8175 keep=2792 duplicate=748 drop=4635 reviewed=2169; final blocker unreviewed_keep=1175 generic_keep=1175	Open regenerated lecture-media/curated/review-sheets/candidate-001.jpg and continue manual-review.tsv from remote:https://cdn.prod.website-files.com/68a44d4040f98a4adf2207b6/690aa601be4bad32b10eff71_Screenshot%202025-11-04%20at%205.10.27%E2%80%AFPM%201%20(1).png.	Reviewed Claude artifact examples, connector directory logo cards, customer logo fragments, memory thumbnail, and frontend design-through-skills comparison images; kept 24 artifact/product/design comparison screens and removed 36 connector/customer logo or decorative thumbnail assets.
41	done	keep	Continue frontend design comparison media	The next candidate sheet batch starting at the SaaS landing page comparison image is visually inspected, source context checked, regenerated, and draft-check passes.	d6d1cc8	draft ok: raw=8175 keep=2763 duplicate=748 drop=4664 reviewed=2229; final blocker unreviewed_keep=1115 generic_keep=1115	Open regenerated lecture-media/curated/review-sheets/candidate-001.jpg and continue manual-review.tsv from remote:https://cdn.prod.website-files.com/68a44d4040f98a4adf2207b6/6913d5b728dcecc13bc1f790_c47f37ab.png.	Reviewed frontend design skill comparisons, MCP diagram, artifact examples, legal workflow screenshots, GitHub/artifact tutorials, connector logos, customer logo variants, decorative article icons, and report/photo thumbnails; kept 31 substantive UI/chart/document/diagram images and removed 29 logo or decorative assets.
42	done	keep	Continue Claude artifact tutorial media	The next candidate sheet batch starting at the Claude artifacts learning and education example is visually inspected, source context checked, regenerated, and draft-check passes.	30447de	draft ok: raw=8175 keep=2738 duplicate=750 drop=4687 reviewed=2289; final blocker unreviewed_keep=1055 generic_keep=1055	Open regenerated lecture-media/curated/review-sheets/candidate-001.jpg and continue manual-review.tsv from remote:https://cdn.prod.website-files.com/68a44d4040f98a4adf2207b6/69407ec1758f3591b902d4ba_AD_4nXfrUiI8PoKzmO_n4XQ_ERYtuWQmkUX1XZZDudiicPUZ8DDt5tVpmr5RROY2ahrgASr4zOyWnjye0a2wp8kB2CTHDuLNUtak4bKrvDPJwOJw8F-r1DuMUoMU-2j2sEZlM8V4ak-8.png.	Reviewed artifact tutorial screens, connector setup screenshots, Sonnet/Opus tutorial examples, Skills/MCP diagrams, domain workflow screenshots, connector logos, customer logo fragments, course icons, and duplicate artifact examples; kept 35 substantive UI/chart/document/diagram images, marked 2 duplicates, and removed 23 logo/generic/decorative assets.
43	done	keep	Continue connector and product workflow media	The next candidate sheet batch starting at the Mercury connector logo is visually inspected, source context checked, regenerated, and draft-check passes.	870b257	draft ok: raw=8175 keep=2705 duplicate=750 drop=4720 reviewed=2349; final blocker unreviewed_keep=995 generic_keep=995	Open regenerated lecture-media/curated/review-sheets/candidate-001.jpg and continue manual-review.tsv from remote:https://cdn.prod.website-files.com/68a44d4040f98a4adf2207b6/69725f86a86e37636164b38e_mercury-bordered.svg.	Reviewed Anthropic course icons, Building agents with Skills diagrams, interactive connector screenshots, Growth Marketing plugin screenshots, Claude in Excel and Agent SDK examples, Cowork plugin visuals, connector logos, partner logos, finance benchmarks, and learning/finance artifact screens; kept 27 substantive diagram/UI/chart images and removed 33 logo/icon/decorative assets.
44	done	keep	Continue Claude Cowork and finance media	The next candidate sheet batch starting at the Claude Cowork research preview screenshot is visually inspected, source context checked, regenerated, and draft-check passes.	760730a	draft ok: raw=8175 keep=2672 duplicate=750 drop=4753 reviewed=2409; final blocker unreviewed_keep=935 generic_keep=935	Open regenerated lecture-media/curated/review-sheets/candidate-001.jpg and continue manual-review.tsv from remote:https://cdn.prod.website-files.com/68a44d4040f98a4adf2207b6/6984d91363e8d0c7f3b9debe_Screenshot%202026-02-05%20at%209.53.16%E2%80%AFAM.png.	Reviewed Cowork preview workflows, Opus/finance screenshots, Figma and HubSpot customer stills, connector logos, product OG thumbnails, dynamic filtering charts, Claude Code skills tutorial screens, enterprise plugin screens, and AI Fluency/finance images; kept 27 substantive workflow/chart/tutorial images and removed 33 logo/video-still/decorative assets.
45	done	keep	Continue connector and enterprise plugin media	The next candidate sheet batch starting at the Campfire connector logo is visually inspected, source context checked, regenerated, and draft-check passes.	c480210	draft ok: raw=8175 keep=2640 duplicate=760 drop=4775 reviewed=2469; final blocker unreviewed_keep=875 generic_keep=875	Open regenerated lecture-media/curated/review-sheets/candidate-001.jpg and continue manual-review.tsv from remote:https://cdn.prod.website-files.com/68a44d4040f98a4adf2207b6/699e5972fc47515643c22e6e_campfire.jpeg.	Reviewed connector and partner logos, skill-creator eval/benchmark visuals, Claude desktop mode screenshots, AI agent workflow pattern diagrams, model picker and interactive visualization screenshots, and education/nonprofit learning visuals; kept 28 substantive images, marked 10 near-duplicate learning artifact screenshots, and removed 22 logos/thumbnails.
46	done	keep	Continue long-context and education media	The next candidate sheet batch starting at the 1M context MRCR v2 chart is visually inspected, source context checked, regenerated, and draft-check passes.	26b01b9	draft ok: raw=8175 keep=2616 duplicate=760 drop=4799 reviewed=2529; final blocker unreviewed_keep=815 generic_keep=815	Open regenerated lecture-media/curated/review-sheets/candidate-001.jpg and continue manual-review.tsv from remote:https://cdn.prod.website-files.com/68a44d4040f98a4adf2207b6/69b49c06e1c573f3ce50276b_image%20(3).png.	Reviewed 1M context performance chart, connector logos, Cowork/plugin and Dispatch screenshots, PM workflow diagrams, Asana UI, Harnessing Claude intelligence diagrams, Managed Agents, advisor strategy charts, multi-agent coordination diagrams, and Claude Code tool-design visuals; kept 36 substantive charts/diagrams/UI images and removed 24 logos/thumbnails/stills.
47	done	keep	Continue managed agents and tool design media	The next candidate sheet batch starting at the Claude Managed Agents asset-management thumbnail is visually inspected, source context checked, regenerated, and draft-check passes.	1c5effc	draft ok: raw=8175 keep=2598 duplicate=760 drop=4817 reviewed=2589; final blocker unreviewed_keep=755 generic_keep=755	Open regenerated lecture-media/curated/review-sheets/candidate-001.jpg and continue manual-review.tsv from remote:https://cdn.prod.website-files.com/68a44d4040f98a4adf2207b6/69d92236c741ecea08cb2568_Claude-Asset-Management-TN.png.	Reviewed Managed Agents and Dispatch tutorials, Claude Code routines/session-management diagrams, Opus 4.7 guidance, Claude Design handoff screenshots, Built with Opus hackathon examples, Managed Agents memory/tool-search charts, Claude Code onboarding and Blender connector screenshots, and connector/course/customer thumbnails; kept 42 substantive UI/diagram/example images and removed 18 logo/video-thumbnail/course-thumbnail assets.
48	done	keep	Continue connector and creative analytics media	The next candidate sheet batch starting at the Motion Creative Analytics connector logo is visually inspected, source context checked, regenerated, and draft-check passes.	d3e7e7e	draft ok: raw=8175 keep=2546 duplicate=760 drop=4869 reviewed=2649; final blocker unreviewed_keep=695 generic_keep=695	Open regenerated lecture-media/curated/review-sheets/candidate-001.jpg and continue manual-review.tsv from remote:https://cdn.prod.website-files.com/68a44d4040f98a4adf2207b6/69f14d709c191ff2bd4e336a_Motion.svg.	Reviewed connector-directory logos, Claude Cowork tutorial thumbnails/screens, Claude Code prompt-caching diagrams, Claude Security decorative thumbnails, everyday connector logos, Managed Agents Dreaming/session UI images, and Code with Claude recording stills; kept 8 substantive Cowork/prompt-caching/Managed-Agents visuals and removed 52 logo/decorative/conference-still assets.
49	done	keep	Continue Code with Claude and product media	The next candidate sheet batch starting at the Code with Claude managed-agents-production recording still is visually inspected, source context checked, regenerated, and draft-check passes.	f0ce5cc	draft ok: raw=8175 keep=2500 duplicate=760 drop=4915 reviewed=2709; final blocker unreviewed_keep=635 generic_keep=635	Open regenerated lecture-media/curated/review-sheets/candidate-001.jpg and continue manual-review.tsv from remote:https://cdn.prod.website-files.com/68a44d4040f98a4adf2207b6/69fc9d284a8f0321408950f6_managed-agents-production.webp.	Reviewed Code with Claude recording stills, Cowork setup screenshots, Claude Code agent-view terminal screenshots, computer/browser-use benchmark charts, legal connector logos, Code w/ Claude recap photos, Opus 4.7 model-picker screenshot, Claude Code large-codebase diagrams, Managed Agents MCP tunnel/self-hosted sandbox diagrams, Cowork business workflow UI, AI Fluency concept cards, and Cognition story photos; kept 14 substantive UI/chart/diagram images and removed 46 conference/photo/logo/thumbnail assets.
50	done	keep	Continue Cognition story and product media	The next candidate sheet batch starting at the Cognition problem-solvers image is visually inspected, source context checked, regenerated, and draft-check passes.	9c9d7b8	draft ok: raw=8175 keep=2452 duplicate=760 drop=4963 reviewed=2769; final blocker unreviewed_keep=575 generic_keep=575	Open regenerated lecture-media/curated/review-sheets/candidate-001.jpg and continue manual-review.tsv from remote:https://cdn.prod.website-files.com/68a44d4040f98a4adf2207b6/6a0ca101c2f6cd237e4dba12_problem-solvers-800kb.jpg.	Reviewed Cognition/Replit problem-solvers thumbnails, Anthropic sales dashboard, HTML artifact examples for Claude Code, Presien/Genspark/Jamf/HubSpot/Twilio customer story media, Code with Claude SF/London recording stills, connector logos, LLM security defender-loop diagram, and Claude Code dynamic workflows screenshot; kept 12 substantive dashboard/HTML-artifact/security/dynamic-workflow images and removed 48 thumbnail/logo/conference/photo assets.
51	done	keep	Continue connector and dynamic workflow media	The next candidate sheet batch starting at the Strava connector logo is visually inspected, source context checked, regenerated, and draft-check passes.	15cf1f6	draft ok: raw=8175 keep=2421 duplicate=760 drop=4994 reviewed=2829; final blocker unreviewed_keep=515 generic_keep=515	Open regenerated lecture-media/curated/review-sheets/candidate-001.jpg and continue manual-review.tsv from remote:https://cdn.prod.website-files.com/68a44d4040f98a4adf2207b6/6a1baf5c8def5a8ce06c91fc_Strava%20Echelon%20Orange.svg.	Reviewed connector and partner logos, Claude Cowork best-practice screenshots, Legora thumbnail, Claude Code dynamic workflow diagrams and terminal screenshots, Claude Code skills guidance screenshots, self-service analytics diagrams, Lovable story stills, MCP observability dashboard, and Apple Foundation Models framework code examples; kept 29 substantive tutorial/product/diagram images and removed 31 logo/thumbnail/story-still assets.
52	done	keep	Continue Managed Agents and platform media	The next candidate sheet batch starting at the Claude Console scheduled deployments screenshot is visually inspected, source context checked, regenerated, and draft-check passes.	c1bcf05	draft ok: raw=8175 keep=2383 duplicate=760 drop=5032 reviewed=2889; final blocker unreviewed_keep=455 generic_keep=455	Open regenerated lecture-media/curated/review-sheets/candidate-001.jpg and continue manual-review.tsv from remote:https://cdn.prod.website-files.com/68a44d4040f98a4adf2207b6/6a2704ab5b6bc1de3bb952fc_Claude-Console-Scheduled-Deployments.png.	Reviewed Managed Agents scheduled deployment screenshot, Cursor story photos, Claude Platform course icon, agentic surfaces architecture diagrams/screens, Workload Identity Federation setup, connector and partner logos, Claude Design product image, Build Day event photos, Steering Claude Code diagrams, powered-by-Claude logo cards, Agent identity/@Claude workspace screenshots, Dropbox logo, and human-agent team examples; kept 22 substantive UI/diagram/product images and removed 38 logo/photo/event-thumbnail assets.
53	done	keep	Manually review the next 60 kept image candidates starting at the human-agent teams launch room flow image.	The next candidate sheet batch starting at the human-agent teams launch room flow image is visually inspected, source context checked, regenerated, and draft-check passes.	2e5bd34	draft ok: raw=8175 keep=2337 duplicate=760 drop=5078 reviewed=2949; final blocker unreviewed_keep=395 generic_keep=395	Open regenerated lecture-media/curated/review-sheets/candidate-001.jpg and continue manual-review.tsv from remote:https://cdn.prod.website-files.com/68a44d4040f98a4adf2207b6/6a3bf2ac55e5efdefd1d06fb_LAUNCH%20ROOM.png.	Reviewed human-agent team launch room and delegation diagram, healthcare connector logo cards, Project Deal avatars/photos/object evidence, Anthropic Institute decorative topic thumbnails, Claude Corps partner photos/logos, Workbench button fragments, prompt sharing screens, Console usage/cost dashboards, Claude Code token management, Canvas LTI setup, shared chats, payment modal, and appearance settings; kept 14 substantive diagram/case-study/UI/dashboard/setup images and removed 46 logo/photo/decorative/support-fragment assets.
54	done	keep	Manually review the next 60 kept image candidates starting at the Claude Desktop Local MCP Servers custom extension settings screen.	The next candidate sheet batch starting at the Claude Desktop Local MCP Servers custom extension settings screen is visually inspected, source context checked, regenerated, and draft-check passes.	f600ad1	draft ok: raw=8175 keep=2319 duplicate=759 drop=5097 reviewed=3009; final blocker unreviewed_keep=335 generic_keep=335	Open regenerated lecture-media/curated/review-sheets/candidate-001.jpg and continue manual-review.tsv from remote:https://downloads.intercomcdn.com/i/o/lupk8zyo/1681607607/ba6e379d2769d190f0970a0adaed/AD_4nXd4aZkqjJFpiXMPF28Pih7HmSJ9pPsnoWAfVgiLdFRFiTkO92YtXteIjvDHaPl7T0tjfpRTBOlyrMbQ_aciCNDgfIuEvV3szmKvt72x5O51DMSClXOYWk1JIRIzylwkj3joXqZcLw?expires=1782459900&signature=4bd30de5c9b3d417dcfeff6d50e1ad40e6d61fa55c2a245b764ef1d1fe7b4cd9&req=dSYvF89%2BmodfXvMW1HO4zWbPxEJ7MjQ7Hn9K2IaIG2LT35njniSBHiwXgRYd%0ArLXP2aWtc%2FJXx9HmG2Q%3D%0A.	Reviewed Local MCP/custom desktop extension settings, billing plan screenshots, Android permissions, Claude Code usage analytics, chat search/memory toggles, Xcode integration, Console feedback/privacy, project visibility/sharing, Slack onboarding and assistant screens, desktop extension allowlist, project chat management, Claude Code web diagrams, skills/network egress settings, Chrome permissions, Excel permissions, Compliance API, session security, Chrome connector setup, quick entry, account onboarding, Team/Enterprise analytics, Claude chat input, shared chats privacy, and billing form; kept 42 substantive feature/admin/permission/dashboard screens and removed 18 billing/account/support fragments.
55	done	keep	Manually review the next 60 kept image candidates starting at the Claude Console appearance color mode screen.	The next candidate sheet batch starting at the Claude Console appearance color mode screen is visually inspected, source context checked, regenerated, and draft-check passes.	187d78a	draft ok: raw=8175 keep=2310 duplicate=759 drop=5106 reviewed=3069; final blocker unreviewed_keep=275 generic_keep=275	Open regenerated lecture-media/curated/review-sheets/candidate-001.jpg and continue manual-review.tsv from remote:https://downloads.intercomcdn.com/i/o/lupk8zyo/1922579101/ede30d38dca693c59f9c15d79e69/CleanShot+2026-01-08+at+15_45_20%402x.png.	Reviewed Console appearance, Console login/sidebar/workbench fragments, artifact sharing/publishing/embed, Console account deletion prompts, web search admin toggle, visual/interactive content cards, voice mode controls/settings, SSO/domain verification, account domain removal, public project controls, network egress, team feedback settings, plugins and skills management, Cowork scheduled tasks/projects/global instructions/Dispatch/computer use, spend limits, Microsoft 365 integration, usage analytics, Public Sector matrix, SSO/SCIM setup, MCP support link, and role-based permissions; kept 51 substantive feature/admin/visual/workflow screens and removed 9 account/support/button/duplicate fragments.
56	done	keep	Manually review the next 60 kept image candidates starting at the Enterprise role-based permissions SCIM group sync screen.	The next candidate sheet batch starting at the Enterprise role-based permissions SCIM group sync screen is visually inspected, source context checked, regenerated, and draft-check passes.	629c355	draft ok: raw=8175 keep=2297 duplicate=759 drop=5119 reviewed=3129; final blocker unreviewed_keep=215 generic_keep=215	Open regenerated lecture-media/curated/review-sheets/candidate-001.jpg and continue manual-review.tsv from remote:https://downloads.intercomcdn.com/i/o/lupk8zyo/2260374677/5f9d8febb8ae25153a94d0b827b9/c8314b27-96c1-4743-ae8b-25e511181837.	Reviewed Enterprise RBAC/SCIM/JIT/SSO/group spend limit/admin permission screens, Claude Design setup/admin screens, Slack thread and usage analytics screenshots, Academy subagent/skills/hooks course screenshots, and Intercom support category icons; kept 47 substantive RBAC/admin/design/slack/analytics/course screenshots and removed 13 account-support, decorative pictogram, and support category icon assets.
57	done	keep	Manually review the next kept image candidates starting at the Claude Mobile apps support category icon.	The next candidate sheet batch starting at the Claude Mobile apps support category icon is visually inspected, source context checked, regenerated, and draft-check passes.	d301a7e	draft ok: raw=8175 keep=2277 duplicate=767 drop=5131 reviewed=3189; final blocker unreviewed_keep=155 generic_keep=155	Open regenerated lecture-media/curated/review-sheets/candidate-001.jpg and continue manual-review.tsv from remote:https://intercom.help/anthropic-6f71807d7c3e/assets/svg/icon:other-devices-device-phone-mobile/F0F0EB.	Reviewed Intercom support category icons, Office agent architecture diagrams, Claude Tag identity/security/session/access-scope diagrams, MCP Apps design guideline examples, and Claude Code VS Code/agent-view/auto-fix/routines/usage screenshots; kept 40 substantive architecture/design/product visuals, marked 8 dark-light duplicates, and removed 12 support/decorative assets.
58	done	keep	Manually review the next kept image candidates starting at the Claude Code VS Code proposed edits diff screenshot.	The next candidate sheet batch starting at the Claude Code VS Code proposed edits diff screenshot is visually inspected, source context checked, regenerated, and draft-check passes.	2f7ec3a	draft ok: raw=8175 keep=2243 duplicate=770 drop=5162 reviewed=3249; final blocker unreviewed_keep=95 generic_keep=95	Open regenerated lecture-media/curated/review-sheets/candidate-001.jpg and continue manual-review.tsv from remote:https://mintcdn.com/claude-code/FVYz38sRY-VuoGHA/images/vs-code-edits.png.	Reviewed Claude Code VS Code integration screenshots, fast/dynamic workflow screenshots, prompt caching and devcontainer diagrams, Agent SDK/permission/agentic-loop/data-flow/context/hook/session diagrams, artifact viewer, status line examples, subagents-vs-agent-teams diagram, hooks/channel/MCP diagrams, and Anthropic engineering/news SVGs; kept 26 substantive feature/architecture/data visuals, marked 3 theme duplicates, and removed 31 article hero/card/logo/formula/decorative fragments.
59	todo	n/a	Manually review the next kept image candidates starting at the Building a C compiler with a team of parallel Claudes article card SVG.	The next candidate sheet batch starting at the Building a C compiler with a team of parallel Claudes article card SVG is visually inspected, source context checked, regenerated, and draft-check passes.	-	-	Open regenerated lecture-media/curated/review-sheets/candidate-001.jpg and continue manual-review.tsv from remote:https://www-cdn.anthropic.com/images/4zrzovbb/website/44e93e074d53285f64ff717365b04c4a2164a445-1200x1200.svg.	Current final proof blocker after row58: unreviewed_keep=95 generic_keep=95.
